City_ID,City,Country,Date,Lat,Lng,Max Temp,Humidity,Cloudiness,Wind Speed
0,Aginskoye,RU,2022-08-16 15:28:52,51.1,114.53,59.04,81,100,4.34
1,Geraldton,AU,2022-08-16 15:28:52,-28.7667,114.6,61.21,72,100,19.57
2,Barrow,US,2022-08-16 15:28:53,71.2906,-156.7887,33.82,93,100,13.8
3,Rikitea,PF,2022-08-16 15:28:53,-23.1203,-134.9692,73.29,69,9,16.8
4,Tiksi,RU,2022-08-16 15:28:54,71.6872,128.8694,46.42,87,26,8.48
5,Kununurra,AU,2022-08-16 15:28:54,-15.7667,128.7333,58.98,72,60,2.3
6,Hualmay,PE,2022-08-16 15:28:54,-11.0964,-77.6139,62.6,76,68,8.14
7,Hobart,AU,2022-08-16 15:28:55,-42.8794,147.3294,48.06,95,100,4.61
8,Portland,US,2022-08-16 15:26:00,45.5234,-122.6762,66.58,86,75,5.75
9,Sawtell,AU,2022-08-16 15:28:56,-30.3833,153.1,47.19,93,18,0.0
10,Castro,BR,2022-08-16 15:28:56,-24.7911,-50.0119,68.86,57,91,4.45
11,Bethel,US,2022-08-16 15:26:10,41.3712,-73.414,79.88,49,0,10.36
12,Petropavlovsk-Kamchatskiy,RU,2022-08-16 15:26:10,53.0452,158.6483,54.19,82,0,6.71
13,Tarauaca,BR,2022-08-16 15:28:57,-8.1614,-70.7656,89.53,46,13,4.7
14,Thompson,CA,2022-08-16 15:24:47,55.7435,-97.8558,71.76,73,20,5.75
15,Leningradskiy,RU,2022-08-16 15:28:58,69.3833,178.4167,29.89,91,12,6.82
16,Nome,US,2022-08-16 15:28:59,64.5011,-165.4064,37.47,81,0,8.05
17,Coquimbo,CL,2022-08-16 15:28:59,-29.9533,-71.3436,58.73,72,0,8.05
18,Clyde River,CA,2022-08-16 15:29:00,70.4692,-68.5914,43.03,87,75,18.41
19,Baglan,AF,2022-08-16 15:29:00,36.1307,68.7083,88.09,15,0,5.1
20,Bonavista,CA,2022-08-16 15:29:01,48.6499,-53.1147,60.67,81,100,8.75
21,Pevek,RU,2022-08-16 15:29:01,69.7008,170.3133,38.59,67,24,8.3
22,Punta Arenas,CL,2022-08-16 15:29:02,-53.15,-70.9167,35.71,80,40,17.27
23,Namatanai,PG,2022-08-16 15:29:02,-3.6667,152.4333,78.42,81,97,5.14
24,Okhotsk,RU,2022-08-16 15:29:03,59.3833,143.3,55.47,92,100,2.08
25,Cidreira,BR,2022-08-16 15:29:03,-30.1811,-50.2056,57.97,76,100,8.46
26,Ahipara,NZ,2022-08-16 15:29:04,-35.1667,173.1667,61.75,90,100,21.07
27,Karratha,AU,2022-08-16 15:29:04,-20.7377,116.8463,73.92,75,1,6.22
28,Saskylakh,RU,2022-08-16 15:29:05,71.9167,114.0833,46.65,91,100,7.07
29,Narsaq,GL,2022-08-16 15:29:05,60.9167,-46.05,50.22,99,100,6.67
30,Ushuaia,AR,2022-08-16 15:29:06,-54.8,-68.3,38.82,75,75,3.44
31,Bluff,NZ,2022-08-16 15:29:07,-46.6,168.3333,48.56,90,100,5.48
32,Constitucion,CL,2022-08-16 15:29:07,-35.3333,-72.4167,51.21,93,100,17.43
33,Genhe,CN,2022-08-16 15:29:08,50.7833,121.5167,58.05,72,5,4.74
34,Tirumullaivasal,IN,2022-08-16 15:29:08,11.2333,79.8333,82.63,80,54,14.41
35,Vaini,TO,2022-08-16 15:29:09,-21.2,-175.2,71.76,83,40,13.8
36,Butaritari,KI,2022-08-16 15:29:09,3.0707,172.7902,80.78,80,100,13.94
37,Maniitsoq,GL,2022-08-16 15:29:09,65.4167,-52.9,40.14,93,100,6.35
38,Arraial Do Cabo,BR,2022-08-16 15:28:45,-22.9661,-42.0278,85.96,39,0,12.66
39,Grand Island,US,2022-08-16 15:28:42,40.925,-98.342,62.55,93,100,6.91
40,Lebu,CL,2022-08-16 15:29:11,-37.6167,-73.65,51.46,93,100,16.22
41,Coahuayana,MX,2022-08-16 15:29:12,18.7333,-103.6833,83.43,66,48,1.81
42,Lagunas,PE,2022-08-16 15:29:12,-5.2269,-75.6753,87.85,52,49,3.53
43,Hobyo,SO,2022-08-16 15:30:13,5.3505,48.5268,77.65,79,65,27.38
44,Fort Nelson,CA,2022-08-16 15:30:13,58.8053,-122.7002,56.79,77,40,5.75
45,San Patricio,US,2022-08-16 15:30:14,28.017,-97.5169,89.49,60,52,11.21
46,Monterey,US,2022-08-16 15:30:14,36.2505,-121.2516,82.18,19,0,1.77
47,Irbeyskoye,RU,2022-08-16 15:30:15,55.6428,95.4522,48.36,94,100,12.01
48,Saint-Philippe,RE,2022-08-16 15:30:16,-21.3585,55.7679,71.19,74,47,7.25
49,Margate,GB,2022-08-16 15:30:16,51.3813,1.3862,73.31,76,99,1.99
50,Hithadhoo,MV,2022-08-16 15:30:17,-0.6,73.0833,82.78,76,39,14.79
51,Kavieng,PG,2022-08-16 15:30:17,-2.5744,150.7967,80.87,78,100,7.58
52,Kryvyy Rih,UA,2022-08-16 15:30:18,47.9167,33.35,81.16,53,22,1.77
53,Sao Gabriel Da Cachoeira,BR,2022-08-16 15:30:18,-0.1303,-67.0892,87.6,70,40,5.75
54,Port Elizabeth,ZA,2022-08-16 15:30:19,-33.918,25.5701,68.29,43,0,5.75
55,Chokurdakh,RU,2022-08-16 15:30:19,70.6333,147.9167,41.58,82,98,10.89
56,Upernavik,GL,2022-08-16 15:30:20,72.7868,-56.1549,41.79,93,100,9.93
57,Mataura,NZ,2022-08-16 15:30:20,-46.1927,168.8643,46.67,93,100,2.39
58,Puerto Ayora,EC,2022-08-16 15:30:20,-0.7393,-90.3518,71.56,96,99,5.99
59,Busselton,AU,2022-08-16 15:30:21,-33.65,115.3333,54.41,79,100,17.69
60,Ostrovnoy,RU,2022-08-16 15:30:21,68.0531,39.5131,68.14,77,83,10.96
61,Qaanaaq,GL,2022-08-16 15:30:22,77.484,-69.3632,42.39,62,83,2.08
62,Quelimane,MZ,2022-08-16 15:30:22,-17.8786,36.8883,73.35,78,75,9.22
63,Bukachacha,RU,2022-08-16 15:30:23,52.9833,116.9167,55.18,74,95,2.62
64,La Ronge,CA,2022-08-16 15:30:23,55.1001,-105.2842,71.85,56,20,10.36
65,Yerbogachen,RU,2022-08-16 15:30:24,61.2767,108.0108,49.8,96,100,6.4
66,Hermanus,ZA,2022-08-16 15:30:24,-34.4187,19.2345,60.8,71,70,17.47
67,Xuddur,SO,2022-08-16 15:30:25,4.1213,43.8894,84.15,41,72,15.32
68,Mayumba,GA,2022-08-16 15:30:25,-3.432,10.6554,73.35,74,23,7.54
69,Chama,CH,2022-08-16 15:30:26,47.1821,8.4636,89.51,40,2,2.3
70,Marzuq,YE,2022-08-16 15:30:27,14.4,46.4667,85.24,54,85,11.32
71,Port Alfred,ZA,2022-08-16 15:30:27,-33.5906,26.891,66.18,47,100,4.05
72,Dzilam Gonzalez,MX,2022-08-16 15:30:28,21.2833,-88.9333,89.47,54,12,5.35
73,Rio Gallegos,AR,2022-08-16 15:30:28,-51.6226,-69.2181,37.45,65,0,19.57
74,Cayenne,GF,2022-08-16 15:30:29,4.9333,-52.3333,88.09,16,75,5.01
75,Buala,SB,2022-08-16 15:30:29,-8.145,159.5921,79.09,77,8,5.03
76,Gat,IL,2022-08-16 15:30:29,31.61,34.7642,88.39,100,0,14.03
77,Nikolskoye,RU,2022-08-16 15:30:30,59.7035,30.7861,86.88,50,23,3.67
78,Albany,US,2022-08-16 15:29:42,42.6001,-73.9662,80.58,50,91,1.99
79,Usinsk,RU,2022-08-16 15:30:30,65.9939,57.5281,47.32,76,59,9.31
80,Hamilton,US,2022-08-16 15:30:07,39.1834,-84.5333,78.26,68,40,10.36
81,Hurghada,EG,2022-08-16 15:30:31,27.2574,33.8129,92.03,41,3,20.2
82,Baruun-Urt,MN,2022-08-16 15:30:31,46.6806,113.2792,65.19,44,4,9.98
83,Chernyshevskiy,RU,2022-08-16 15:30:32,63.0128,112.4714,47.5,98,100,5.37
84,Ridgecrest,US,2022-08-16 15:30:33,35.6225,-117.6709,86.68,20,20,5.75
85,Georgetown,MY,2022-08-16 15:26:10,5.4112,100.3354,82.89,80,20,3.44
86,Darhan,MN,2022-08-16 15:30:33,49.4867,105.9228,57.7,88,100,4.09
87,Bosaso,SO,2022-08-16 15:30:34,11.2842,49.1816,91.06,51,48,1.34
88,Front Royal,US,2022-08-16 15:30:34,38.9182,-78.1944,76.59,84,40,3.44
89,Hilo,US,2022-08-16 15:30:35,19.7297,-155.09,77.29,89,20,3.0
90,Pittsburg,US,2022-08-16 15:31:35,38.028,-121.8847,78.89,60,0,5.01
91,Port Lincoln,AU,2022-08-16 15:31:35,-34.7333,135.8667,56.66,59,100,13.09
92,Raudeberg,NO,2022-08-16 15:31:37,61.9875,5.1352,63.27,98,100,17.07
93,Bredasdorp,ZA,2022-08-16 15:31:37,-34.5322,20.0403,55.54,72,93,7.38
94,Kapaa,US,2022-08-16 15:31:13,22.0752,-159.319,73.38,100,40,6.91
95,Leh,IN,2022-08-16 15:31:38,34.1667,77.5833,62.62,59,94,6.69
96,Vila Franca Do Campo,PT,2022-08-16 15:31:38,37.7167,-25.4333,75.61,65,55,11.05
97,Alekseyevka,RU,2022-08-16 15:31:39,50.6309,38.6903,80.1,37,100,7.81
98,Loa Janan,ID,2022-08-16 15:31:39,-0.583,117.095,73.26,98,96,1.68
99,Ust-Nera,RU,2022-08-16 15:31:40,64.5667,143.2,54.27,78,94,4.76
100,Shelburne,CA,2022-08-16 15:31:31,44.0787,-80.2041,77.76,47,49,8.32
101,Jedburgh,GB,2022-08-16 15:31:40,55.48,-2.552,61.92,94,100,10.42
102,Flinders,AU,2022-08-16 15:31:41,-34.5833,150.8552,51.39,79,18,1.99
103,Urengoy,RU,2022-08-16 15:31:41,65.9667,78.3667,48.58,77,100,14.23
104,Jamestown,US,2022-08-16 15:26:53,42.097,-79.2353,64.02,72,100,8.05
105,Baherden,TM,2022-08-16 15:31:43,38.4362,57.4316,94.3,14,0,11.9
106,Tasiilaq,GL,2022-08-16 15:31:43,65.6145,-37.6368,48.36,67,100,7.87
107,Zhigansk,RU,2022-08-16 15:31:44,66.7697,123.3711,51.58,84,10,6.6
108,Manadhoo,MV,2022-08-16 15:31:44,5.7667,73.3833,80.96,76,44,4.61
109,Norman Wells,CA,2022-08-16 15:31:44,65.282,-126.8329,60.84,77,40,4.61
110,Atuona,PF,2022-08-16 15:31:45,-9.8,-139.0333,76.44,72,51,20.45
111,Vao,NC,2022-08-16 15:31:45,-22.6667,167.4833,68.22,94,100,17.87
112,Ulaanbaatar,MN,2022-08-16 15:30:18,47.9077,106.8832,59.13,82,20,4.47
113,Tautira,PF,2022-08-16 15:31:46,-17.7333,-149.15,74.53,84,100,15.79
114,Correntina,BR,2022-08-16 15:31:46,-13.3433,-44.6367,89.53,23,1,6.42
115,Lanquin,GT,2022-08-16 15:31:46,15.5667,-89.9667,82.13,61,99,3.4
116,Cape Town,ZA,2022-08-16 15:30:38,-33.9258,18.4232,61.09,63,40,23.02
117,Pundaguitan,PH,2022-08-16 15:31:47,6.3711,126.1689,82.45,76,100,11.45
118,Pisco,PE,2022-08-16 15:31:48,-13.7,-76.2167,63.01,77,100,5.75
119,Thurso,GB,2022-08-16 15:30:07,58.5927,-3.5259,52.05,71,65,18.97
120,Saint Anthony,US,2022-08-16 15:31:48,45.0205,-93.218,76.14,75,0,8.05
121,Carnarvon,AU,2022-08-16 15:31:49,-24.8667,113.6333,66.02,60,83,15.32
122,Monrovia,LR,2022-08-16 15:29:42,6.3005,-10.7969,78.57,83,100,14.23
123,Lishui,CN,2022-08-16 15:31:49,28.4604,119.9103,79.86,90,100,1.88
124,Airai,TL,2022-08-16 15:31:50,-8.9266,125.4092,55.96,89,83,1.92
125,Malmesbury,ZA,2022-08-16 15:31:50,-33.4608,18.7271,57.78,68,56,7.96
126,Maceio,BR,2022-08-16 15:29:25,-9.6658,-35.7353,83.64,65,40,13.8
127,Povenets,RU,2022-08-16 15:31:51,62.8487,34.8262,72.5,67,100,6.62
128,New Plymouth,NZ,2022-08-16 15:31:52,-39.0667,174.0833,59.81,90,100,22.03
129,Mnogovershinnyy,RU,2022-08-16 15:31:52,53.9353,139.9242,51.01,89,40,3.09
130,Te Anau,NZ,2022-08-16 15:31:53,-45.4167,167.7167,45.95,98,100,1.88
131,Itapetininga,BR,2022-08-16 15:31:53,-23.5917,-48.0531,85.91,26,57,16.82
132,Bouar,CF,2022-08-16 15:31:54,5.934,15.596,70.92,83,100,2.86
133,Monitos,CO,2022-08-16 15:31:54,8.25,-76.05,82.74,75,28,4.5
134,New Norfolk,AU,2022-08-16 15:31:55,-42.7826,147.0587,47.7,88,4,1.81
135,Bathsheba,BB,2022-08-16 15:31:55,13.2167,-59.5167,88.41,66,40,18.41
136,Belmonte,BR,2022-08-16 15:32:56,-15.8631,-38.8828,76.96,61,66,8.34
137,Catalao,BR,2022-08-16 15:32:56,-18.1658,-47.9464,85.98,21,6,5.97
138,Skibbereen,IE,2022-08-16 15:32:57,51.55,-9.2667,65.1,54,16,21.23
139,Utete,TZ,2022-08-16 15:32:57,-7.986,38.758,75.07,63,54,9.04
140,Oranjemund,NA,2022-08-16 15:32:58,-28.55,16.4333,57.92,66,22,5.55
141,Aboso,GH,2022-08-16 15:32:58,5.3617,-1.9473,79.66,62,100,8.97
142,Kangasala,FI,2022-08-16 15:32:59,61.4638,24.076,84.47,50,65,8.34
143,Port Blair,IN,2022-08-16 15:32:59,11.6667,92.75,80.19,84,100,7.43
144,Riyadh,SA,2022-08-16 15:32:34,24.6877,46.7219,107.74,9,35,8.97
145,Ketchikan,US,2022-08-16 15:33:00,55.3422,-131.6461,59.47,94,100,5.75
146,Evensk,RU,2022-08-16 15:33:00,61.95,159.2333,52.66,95,100,13.78
147,Wexford,IE,2022-08-16 15:33:01,52.3342,-6.4575,67.21,77,98,5.99
148,Brae,GB,2022-08-16 15:33:01,60.3964,-1.353,50.86,79,100,20.96
149,Todos Santos,MX,2022-08-16 15:33:02,23.45,-110.2167,81.66,79,99,3.09
150,Phonhong,LA,2022-08-16 15:33:02,18.5007,102.4166,76.01,94,43,1.95
151,Mitsamiouli,KM,2022-08-16 15:33:03,-11.3847,43.2844,73.69,83,40,2.3
152,Mehamn,NO,2022-08-16 15:33:04,71.0357,27.8492,76.91,53,0,14.97
153,Taltal,CL,2022-08-16 15:33:04,-25.4,-70.4833,66.07,57,4,6.58
154,Mar Del Plata,AR,2022-08-16 15:32:48,-38.0023,-57.5575,58.08,53,0,20.71
155,Byron Bay,AU,2022-08-16 15:33:05,-28.65,153.6167,47.71,88,46,10.31
156,Coari,BR,2022-08-16 15:33:06,-4.085,-63.1414,93.78,41,6,3.04
157,Faanui,PF,2022-08-16 15:33:06,-16.4833,-151.75,76.26,79,100,18.75
158,Lens,FR,2022-08-16 15:33:07,50.4167,2.8333,83.52,37,100,7.49
159,Preobrazheniye,RU,2022-08-16 15:33:07,42.9019,133.9064,65.12,88,0,5.64
160,Tura,IN,2022-08-16 15:33:08,25.5198,90.2201,77.32,82,40,3.69
161,Nyurba,RU,2022-08-16 15:33:08,63.2842,118.3319,52.54,98,100,4.09
162,Sakakah,SA,2022-08-16 15:33:09,29.9697,40.2064,108.97,14,0,8.77
163,Akyab,MM,2022-08-16 15:33:09,20.15,92.9,82.18,87,74,10.76
164,Oksfjord,NO,2022-08-16 15:33:11,70.2396,22.3479,75.27,68,100,5.7
165,Aguililla,MX,2022-08-16 15:33:11,18.7333,-102.7333,74.75,73,80,2.21
166,Egvekinot,RU,2022-08-16 15:33:12,66.3167,-179.1667,32.32,77,9,3.31
167,Araouane,ML,2022-08-16 15:33:12,18.9048,-3.5265,100.35,24,59,6.04
168,Mandalgovi,MN,2022-08-16 15:33:13,45.7625,106.2708,73.27,18,74,6.2
169,Richards Bay,ZA,2022-08-16 15:33:14,-28.783,32.0377,66.13,63,1,13.49
170,Minab,IR,2022-08-16 15:33:14,27.1467,57.0801,89.96,67,26,8.12
171,Isangel,VU,2022-08-16 15:33:14,-19.55,169.2667,77.04,90,99,12.53
172,Souillac,MU,2022-08-16 15:33:15,-20.5167,57.5167,70.18,83,40,9.22
173,Yulara,AU,2022-08-16 15:33:16,-25.2406,130.9889,53.46,30,0,6.91
174,Victoria,HK,2022-08-16 15:31:55,22.2855,114.1577,87.19,82,4,8.01
175,Chimore,BO,2022-08-16 15:33:16,-16.9833,-65.1333,77.07,66,100,4.27
176,Sioux Lookout,CA,2022-08-16 15:33:17,50.1001,-91.917,69.87,78,75,9.22
177,Naze,JP,2022-08-16 15:33:18,28.3667,129.4833,83.32,80,76,11.03
178,Khatanga,RU,2022-08-16 15:33:18,71.9667,102.5,41.97,87,1,10.02
179,Piacabucu,BR,2022-08-16 15:33:19,-10.4056,-36.4344,76.62,81,20,15.52
180,Amahai,ID,2022-08-16 15:33:19,-3.3333,128.9167,75.78,89,88,4.54
181,Puerto Carreno,CO,2022-08-16 15:33:19,6.189,-67.4859,84.18,70,20,5.75
182,Sao Joao Da Barra,BR,2022-08-16 15:34:20,-21.6403,-41.0511,82.49,62,0,20.11
183,Russell,US,2022-08-16 15:34:21,32.3502,-85.1999,87.96,74,0,0.0
184,Kulgam,IN,2022-08-16 15:34:21,33.65,75.0167,64.6,83,96,3.67
185,Thinadhoo,MV,2022-08-16 15:34:22,0.5333,72.9333,83.35,73,36,13.73
186,Goderich,CA,2022-08-16 15:31:55,43.7501,-81.7165,76.91,60,4,8.05
187,Cherskiy,RU,2022-08-16 15:34:22,68.75,161.3,45.34,76,100,5.08
188,Yelizovo,RU,2022-08-16 15:34:23,53.1873,158.3805,55.54,81,0,7.0
189,Avarua,CK,2022-08-16 15:34:23,-21.2078,-159.775,69.85,64,75,10.36
190,Aswan,EG,2022-08-16 15:34:24,24.0934,32.907,103.1,14,21,13.47
191,Provideniya,RU,2022-08-16 15:34:24,64.3833,-173.3,39.36,74,10,7.36
192,Sao Felix Do Xingu,BR,2022-08-16 15:34:25,-6.6447,-51.995,98.31,17,0,4.43
193,Paka,MY,2022-08-16 15:34:26,4.6374,103.4368,76.98,94,87,0.0
194,Ouadda,CF,2022-08-16 15:34:26,8.0777,22.4007,71.08,96,97,4.83
195,Sao Filipe,CV,2022-08-16 15:34:27,14.8961,-24.4956,79.56,84,70,9.91
196,Valparaiso,CL,2022-08-16 15:34:16,-33.0393,-71.6273,61.03,51,0,5.75
197,Poronaysk,RU,2022-08-16 15:34:27,49.2167,143.1167,58.19,92,78,1.41
198,Tanda,IN,2022-08-16 15:34:28,26.55,82.65,85.41,66,48,3.76
199,Baoro,CF,2022-08-16 15:34:28,5.6667,15.9667,74.48,84,99,3.33
200,Fenoarivo,MG,2022-08-16 15:34:29,-18.933,47.4354,69.87,52,20,12.66
201,Krasnoselkup,RU,2022-08-16 15:34:30,65.7,82.4667,49.42,87,100,13.31
202,Hervey Bay,AU,2022-08-16 15:34:30,-25.2986,152.8535,56.68,76,57,11.48
203,Bezhta,RU,2022-08-16 15:34:31,42.1338,46.1283,64.35,55,0,0.81
204,Velizh,RU,2022-08-16 15:34:31,55.6056,31.1967,76.69,61,62,5.41
205,Saint George,US,2022-08-16 15:30:07,37.1041,-113.5841,80.94,61,0,4.0
206,Suoyarvi,RU,2022-08-16 15:34:32,62.0833,32.35,75.16,60,80,2.62
207,Rio Verde De Mato Grosso,BR,2022-08-16 15:32:35,-18.9181,-54.8442,91.35,29,33,15.68
208,Tuktoyaktuk,CA,2022-08-16 15:34:33,69.4541,-133.0374,51.8,100,100,5.75
209,Naron,ES,2022-08-16 15:34:33,43.5167,-8.1528,67.59,94,70,12.71
210,Mahebourg,MU,2022-08-16 15:34:33,-20.4081,57.7,70.09,83,40,9.22
211,Kahului,US,2022-08-16 15:34:34,20.8947,-156.47,74.84,73,0,4.61
212,Sur,OM,2022-08-16 15:32:04,22.5667,59.5289,87.84,64,100,6.71
213,Mackay,AU,2022-08-16 15:31:43,-21.15,149.2,58.68,49,0,13.22
214,Chuy,UY,2022-08-16 15:33:48,-33.6971,-53.4616,56.59,49,24,8.14
215,Katsuura,JP,2022-08-16 15:34:35,35.1333,140.3,80.62,87,93,24.79
216,Smoky Lake,CA,2022-08-16 15:34:36,54.1169,-112.4686,66.92,77,58,3.44
217,Kutum,SD,2022-08-16 15:34:36,14.2,24.6667,81.97,43,90,7.18
218,Nieuw Amsterdam,SR,2022-08-16 15:34:37,5.8833,-55.0833,92.01,69,75,6.91
219,Meadow Lake,US,2022-08-16 15:34:07,34.8014,-106.5436,78.71,66,6,0.45
220,Pontiac,US,2022-08-16 15:31:25,42.6389,-83.2911,78.33,65,0,8.05
221,Nadadores,MX,2022-08-16 15:34:38,27.05,-101.6,84.88,42,100,0.0
222,Kruisfontein,ZA,2022-08-16 15:34:38,-34.0033,24.7314,55.08,59,100,5.3
223,Launceston,AU,2022-08-16 15:31:35,-41.45,147.1667,46.15,89,1,6.91
224,Cam Ranh,VN,2022-08-16 15:34:39,11.9214,109.1591,76.96,94,40,4.61
225,Hasaki,JP,2022-08-16 15:34:41,35.7333,140.8333,82.8,80,100,13.27
226,Klaksvik,FO,2022-08-16 15:34:41,62.2266,-6.589,50.92,69,9,12.48
227,Rosa Zarate,EC,2022-08-16 15:34:42,0.3333,-79.4667,78.12,73,100,4.21
228,Marshfield,US,2022-08-16 15:35:43,44.6689,-90.1718,70.66,72,0,5.75
229,San Cristobal,VE,2022-08-16 15:35:43,7.7669,-72.225,71.78,42,12,6.02
230,Sitka,US,2022-08-16 15:35:44,57.0531,-135.33,57.09,82,100,8.05
231,Pochutla,MX,2022-08-16 15:35:44,15.7432,-96.4661,82.81,71,82,4.27
232,Chumikan,RU,2022-08-16 15:35:45,54.7183,135.315,56.03,91,8,4.38
233,College,US,2022-08-16 15:35:45,64.8569,-147.8028,51.75,94,75,4.61
234,Diu,IN,2022-08-16 15:35:46,20.7141,70.9822,78.84,92,100,21.59
235,Rawson,AR,2022-08-16 15:30:53,-43.3002,-65.1023,49.1,34,0,25.21
236,Fortuna,US,2022-08-16 15:35:46,40.5982,-124.1573,57.54,97,100,0.0
237,Camacha,PT,2022-08-16 15:35:47,33.0833,-16.3333,76.42,69,40,13.8
238,Kaitangata,NZ,2022-08-16 15:35:49,-46.2817,169.8464,47.75,92,100,0.54
239,East London,ZA,2022-08-16 15:35:50,-33.0153,27.9116,68.94,68,0,4.61
240,Floresta,BR,2022-08-16 15:35:50,-8.6011,-38.5686,81.48,49,92,16.51
241,Kathmandu,NP,2022-08-16 15:35:51,27.7167,85.3167,75.42,83,75,5.75
242,Bonthe,SL,2022-08-16 15:35:51,7.5264,-12.505,74.97,93,100,17.96
243,Touros,BR,2022-08-16 15:35:52,-5.1989,-35.4608,82.89,54,13,20.07
244,Tambacounda,SN,2022-08-16 15:35:52,13.7539,-13.7586,93.25,55,75,6.91
245,Rupert,US,2022-08-16 15:35:53,42.6191,-113.6772,64.35,48,0,0.0
246,Tezu,IN,2022-08-16 15:35:53,27.9167,96.1667,77.13,96,73,3.65
247,Pandan,PH,2022-08-16 15:35:54,14.0453,124.1694,80.35,84,96,7.45
248,Ponta Do Sol,PT,2022-08-16 15:35:54,32.6667,-17.1,80.13,71,38,3.09
249,Iqaluit,CA,2022-08-16 15:35:55,63.7506,-68.5145,47.93,66,75,15.01
250,Ponta Delgada,PT,2022-08-16 15:35:56,37.7333,-25.6667,75.92,53,75,13.8
251,Kodinsk,RU,2022-08-16 15:35:56,58.6881,99.1844,50.65,92,100,4.18
252,High Level,CA,2022-08-16 15:35:55,58.5169,-117.136,59.11,82,20,2.3
253,Anloga,GH,2022-08-16 15:35:57,5.7947,0.8973,75.22,82,89,13.47
254,Namibe,AO,2022-08-16 15:35:57,-15.1961,12.1522,64.04,80,23,11.12
255,Broome,US,2022-08-16 15:35:58,42.2506,-75.833,80.47,59,75,3.0
256,Samarai,PG,2022-08-16 15:35:58,-10.6167,150.6667,77.61,72,62,15.03
257,Muhos,FI,2022-08-16 15:35:59,64.808,25.9931,76.89,57,100,6.49
258,Buenos Aires,AR,2022-08-16 15:35:59,-34.6132,-58.3772,62.98,25,0,12.66
259,Okha,RU,2022-08-16 15:36:00,53.5739,142.9478,52.88,95,6,3.27
260,Tecolutla,MX,2022-08-16 15:36:00,20.4833,-97.0167,85.86,64,79,4.21
261,Quatre Cocos,MU,2022-08-16 15:36:01,-20.2078,57.7625,69.91,75,64,8.23
262,Petrozavodsk,RU,2022-08-16 15:33:07,61.7849,34.3469,78.26,61,20,8.95
263,Ormara,PK,2022-08-16 15:36:02,25.2088,64.6357,82.11,90,95,1.01
264,Atar,MR,2022-08-16 15:36:03,20.5169,-13.0499,109.87,8,4,9.84
265,Iquique,CL,2022-08-16 15:33:56,-20.2208,-70.1431,59.04,62,7,7.34
266,Ossora,RU,2022-08-16 15:36:03,59.2353,163.0719,55.0,96,100,8.16
267,Delijan,IR,2022-08-16 15:36:04,33.9905,50.6838,91.09,10,0,10.83
268,Bilibino,RU,2022-08-16 15:36:04,68.0546,166.4372,41.95,84,100,4.56
269,Dikson,RU,2022-08-16 15:36:05,73.5069,80.5464,41.32,87,100,23.87
270,Rovaniemi,FI,2022-08-16 15:36:05,66.5,25.7167,78.21,50,0,12.66
271,San Andres Del Rabanedo,ES,2022-08-16 15:36:05,42.6117,-5.6167,71.78,39,75,16.11
272,Nola,IT,2022-08-16 15:36:06,40.922,14.5329,87.71,66,1,4.0
273,Jaciara,BR,2022-08-16 15:37:07,-15.9653,-54.9683,93.94,23,44,11.95
274,Yellowknife,CA,2022-08-16 15:37:07,62.456,-114.3525,68.52,77,75,9.22
275,Cattolica,IT,2022-08-16 15:37:08,43.9575,12.7376,85.8,71,0,10.0
276,Guerrero Negro,MX,2022-08-16 15:37:09,27.9769,-114.0611,76.53,66,48,5.77
277,Sisimiut,GL,2022-08-16 15:37:09,66.9395,-53.6735,41.86,88,99,2.01
278,Akureyri,IS,2022-08-16 15:37:10,65.6835,-18.0878,60.73,31,0,10.36
279,Rafaela,AR,2022-08-16 15:32:57,-31.2503,-61.4867,71.01,10,0,8.99
280,Sola,VU,2022-08-16 15:37:11,-13.8833,167.55,79.83,79,27,11.99
281,Poum,NC,2022-08-16 15:37:11,-20.2333,164.0167,71.35,91,94,7.05
282,Tiznit,MA,2022-08-16 15:37:11,29.5833,-9.5,78.8,43,0,10.71
283,Jaru,BR,2022-08-16 15:33:11,-10.4389,-62.4664,96.3,33,2,6.11
284,Saint-Leu,RE,2022-08-16 15:37:12,-21.15,55.2833,70.66,68,23,4.65
285,Cabo San Lucas,MX,2022-08-16 15:34:55,22.8909,-109.9124,84.61,79,100,3.0
286,Mount Gambier,AU,2022-08-16 15:37:13,-37.8333,140.7667,45.61,90,100,5.39
287,Tumaco,CO,2022-08-16 15:37:13,1.7986,-78.8156,79.32,73,99,4.21
288,Nikolayevsk-Na-Amure,RU,2022-08-16 15:37:14,53.1406,140.73,55.31,96,28,2.89
289,Brylivka,UA,2022-08-16 15:37:14,46.4248,33.1472,81.05,49,7,10.67
290,Kirakira,SB,2022-08-16 15:37:14,-10.4544,161.9205,78.64,79,1,6.64
291,Luebo,CD,2022-08-16 15:37:15,-5.35,21.4167,89.69,28,99,2.68
292,Yeppoon,AU,2022-08-16 15:37:16,-23.1333,150.7333,58.78,50,5,9.19
293,Kalabo,ZM,2022-08-16 15:37:16,-14.97,22.6814,81.73,12,16,2.84
294,Puerto Del Rosario,ES,2022-08-16 15:37:17,28.5004,-13.8627,78.55,73,40,17.27
295,Talcahuano,CL,2022-08-16 15:37:17,-36.7167,-73.1167,53.28,100,100,14.97
296,Tamandare,BR,2022-08-16 15:37:18,-8.7597,-35.1047,80.02,58,4,12.19
297,Chicama,PE,2022-08-16 15:37:18,-7.8447,-79.1469,57.74,61,36,8.03
298,Ancud,CL,2022-08-16 15:33:21,-41.8697,-73.8203,44.22,78,71,15.59
299,Olafsvik,IS,2022-08-16 15:37:20,64.8945,-23.7142,50.41,57,26,6.33
300,Zhaodong,CN,2022-08-16 15:37:21,46.0833,125.9833,65.5,72,21,7.34
301,Northam,GB,2022-08-16 15:37:21,51.0333,-4.2167,66.38,95,100,13.42
302,Pedernales,DO,2022-08-16 15:37:21,18.0384,-71.744,87.22,61,0,7.56
303,Kalmunai,LK,2022-08-16 15:37:22,7.4167,81.8167,81.54,71,98,16.11
304,Sosnogorsk,RU,2022-08-16 15:37:22,63.6023,53.8817,55.65,57,14,4.7
305,Saurimo,AO,2022-08-16 15:37:23,-9.6608,20.3916,89.62,11,2,5.66
306,Bengkulu,ID,2022-08-16 15:37:24,-3.8004,102.2655,75.85,88,43,4.79
307,Caravelas,BR,2022-08-16 15:37:24,-17.7125,-39.2481,78.12,53,53,9.22
308,Tual,ID,2022-08-16 15:37:25,-5.6667,132.75,79.43,81,93,16.02
309,Prince George,CA,2022-08-16 15:35:35,53.9166,-122.753,59.25,98,20,0.0
310,Gornoye Loo,RU,2022-08-16 15:37:25,43.7129,39.6049,82.18,85,5,6.4
311,Koumac,NC,2022-08-16 15:37:26,-20.5667,164.2833,70.54,94,87,5.21
312,Beringovskiy,RU,2022-08-16 15:37:26,63.05,179.3167,45.48,66,100,14.97
313,Saldanha,ZA,2022-08-16 15:37:26,-33.0117,17.9442,59.05,76,85,10.74
314,Komsomolskiy,UZ,2022-08-16 15:37:27,40.4272,71.7189,92.12,18,23,2.3
315,Rockport,US,2022-08-16 15:37:28,28.0206,-97.0544,90.01,76,0,12.66
316,Chilca,PE,2022-08-16 15:37:28,-12.5211,-76.7372,62.65,77,98,8.43
317,Buraydah,SA,2022-08-16 15:37:29,26.326,43.975,109.85,9,1,8.12
318,Yumen,CN,2022-08-16 15:38:29,40.2833,97.2,81.73,14,53,4.14
319,Qasigiannguit,GL,2022-08-16 15:38:30,68.8193,-51.1922,44.85,86,100,3.69
320,Vardo,NO,2022-08-16 15:38:30,70.3705,31.1107,71.58,64,0,13.8
321,Lingyuan,CN,2022-08-16 15:38:31,41.24,119.4011,64.6,76,2,1.88
322,Aksarka,RU,2022-08-16 15:38:31,66.5606,67.7975,46.81,78,100,11.45
323,Makakilo City,US,2022-08-16 15:38:32,21.3469,-158.0858,73.72,76,0,5.75
324,Altay,CN,2022-08-16 15:38:33,47.8667,88.1167,57.04,30,0,8.55
325,Saint-Georges,GD,2022-08-16 15:37:55,12.0564,-61.7485,89.28,66,75,19.57
326,Longyearbyen,SJ,2022-08-16 15:38:33,78.2186,15.6401,40.84,81,75,21.85
327,Kargasok,RU,2022-08-16 15:38:34,59.0556,80.8572,49.14,78,100,5.32
328,Sterling,US,2022-08-16 15:38:34,39.0062,-77.4286,81.14,56,40,7.0
329,Biloela,AU,2022-08-16 15:38:35,-24.4167,150.5,51.31,62,2,11.61
330,Palmer,US,2022-08-16 15:38:35,42.1584,-72.3287,82.15,43,75,11.5
331,Kodiak,US,2022-08-16 15:38:36,57.79,-152.4072,54.91,82,100,14.97
332,Itanhaem,BR,2022-08-16 15:34:34,-24.1831,-46.7889,85.44,43,100,5.93
333,Mokokchung,IN,2022-08-16 15:38:36,26.3333,94.5333,66.49,91,46,2.77
334,Ust-Maya,RU,2022-08-16 15:38:37,60.4167,134.5333,51.39,92,80,2.46
335,Omsukchan,RU,2022-08-16 15:38:37,62.5333,155.8,46.9,97,100,3.2
336,Wanaka,NZ,2022-08-16 15:38:38,-44.7,169.15,47.1,96,100,1.01
337,Iberia,US,2022-08-16 15:38:38,29.9502,-91.7507,91.96,70,40,5.75
338,Tayu,ID,2022-08-16 15:38:39,-6.5397,111.0518,78.73,84,22,7.92
339,Hovd,MN,2022-08-16 15:38:40,48.0056,91.6419,59.65,48,0,6.67
340,Fuxin,CN,2022-08-16 15:34:29,42.0156,121.6589,68.05,83,0,0.63
341,Codrington,AU,2022-08-16 15:38:40,-38.2667,141.9667,44.83,93,100,8.16
342,Ribeira Grande,PT,2022-08-16 15:37:13,38.5167,-28.7,79.2,57,40,12.66
343,Kharabali,RU,2022-08-16 15:38:41,47.4196,47.2568,92.52,21,36,10.83
344,Abyek,IR,2022-08-16 15:38:41,36.0667,50.55,94.66,17,13,3.29
345,Hare Bay,CA,2022-08-16 15:38:42,48.8499,-54.0148,69.4,52,100,8.01
346,Katherine,AU,2022-08-16 15:38:42,-14.4667,132.2667,59.32,31,81,5.75
347,Araxa,BR,2022-08-16 15:38:25,-19.5933,-46.9406,80.56,32,0,8.05
348,Muisne,EC,2022-08-16 15:38:43,0.6,-80.0333,75.09,79,98,4.97
349,Zhanaozen,KZ,2022-08-16 15:38:43,43.3,52.8,93.94,15,0,11.92
350,Lata,PT,2022-08-16 15:38:44,40.1629,-8.3327,74.91,51,20,14.38
351,Vila Velha,BR,2022-08-16 15:38:44,-20.3297,-40.2925,82.35,57,40,16.11
352,Vallenar,CL,2022-08-16 15:38:44,-28.5708,-70.7581,73.81,12,0,3.85
353,Whitehorse,CA,2022-08-16 15:38:45,60.7161,-135.0538,50.77,71,40,8.05
354,Bandarbeyla,SO,2022-08-16 15:38:45,9.4942,50.8122,77.0,82,33,29.04
355,Nabire,ID,2022-08-16 15:38:46,-3.3667,135.4833,73.99,95,54,3.56
356,Husavik,IS,2022-08-16 15:38:46,66.0449,-17.3389,49.69,64,9,7.16
357,Henties Bay,NA,2022-08-16 15:38:47,-22.116,14.2845,59.11,72,2,11.39
358,Terme,TR,2022-08-16 15:38:47,41.2092,36.9739,78.73,82,97,5.19
359,Gizo,SB,2022-08-16 15:38:47,-8.103,156.8419,79.7,78,43,2.86
360,Wegrow,PL,2022-08-16 15:38:48,52.3995,22.0163,77.92,43,100,10.16
361,Oranjestad,AW,2022-08-16 15:38:48,12.524,-70.027,89.55,58,20,20.71
362,Uddevalla,SE,2022-08-16 15:38:49,58.3478,11.9424,76.32,87,96,3.4
363,San Rafael,AR,2022-08-16 15:36:26,-34.6177,-68.3301,64.09,20,2,6.08
364,Karpinsk,RU,2022-08-16 15:38:51,59.7654,60.0085,52.0,64,1,4.83
365,Tongren,CN,2022-08-16 15:38:51,27.7172,109.1853,82.92,71,99,2.42
366,Marabba,SD,2022-08-16 15:39:51,12.35,32.1833,81.59,70,100,3.98
367,Lesnikovo,RU,2022-08-16 15:39:52,55.2822,65.3175,60.64,60,78,5.17
368,Songkhla,TH,2022-08-16 15:39:52,6.8333,100.6667,78.85,90,95,4.99
369,Callaway,US,2022-08-16 15:39:53,30.153,-85.5699,86.92,76,75,11.5
370,Xapuri,BR,2022-08-16 15:39:54,-10.6517,-68.5044,93.06,38,68,6.8
371,Fukue,JP,2022-08-16 15:39:54,32.6881,128.8419,82.71,87,100,18.57
372,Inyonga,TZ,2022-08-16 15:39:55,-6.7167,32.0667,80.67,20,16,5.39
373,Odweyne,SO,2022-08-16 15:39:55,9.4092,45.064,78.82,48,59,19.06
374,Baiyin,CN,2022-08-16 15:39:56,36.5583,104.2081,79.39,51,52,8.66
375,Muriti,TZ,2022-08-16 15:39:56,-1.9833,32.9167,73.65,69,91,14.61
376,Kriel,ZA,2022-08-16 15:39:57,-26.2739,29.2253,56.34,22,77,7.87
377,Iquitos,PE,2022-08-16 15:39:57,-3.7481,-73.2472,86.04,70,20,5.75
378,Zaida,PK,2022-08-16 15:39:58,34.0603,72.4678,83.91,71,82,4.61
379,Nanortalik,GL,2022-08-16 15:39:58,60.1432,-45.2371,43.11,98,100,8.52
380,Porto Seguro,BR,2022-08-16 15:39:59,-16.4497,-39.0647,72.12,83,100,9.22
381,Shenjiamen,CN,2022-08-16 15:39:59,29.9576,122.298,81.07,91,100,15.23
382,San Policarpo,PH,2022-08-16 15:40:00,12.1791,125.5072,80.44,83,100,3.98
383,Fairview,US,2022-08-16 15:40:01,40.8126,-73.999,81.61,48,0,14.97
384,Collie,AU,2022-08-16 15:40:01,-33.3667,116.15,49.66,95,99,11.03
385,Praya,CV,2022-08-16 15:35:39,14.9215,-23.5087,73.94,88,40,12.66
386,Manta,EC,2022-08-16 15:40:02,-0.95,-80.7333,76.01,68,58,7.23
387,San Jose,US,2022-08-16 15:39:31,37.3394,-121.895,81.43,71,0,0.0
388,Astara,AZ,2022-08-16 15:40:04,38.5,48.6667,85.98,52,0,1.54
389,Sao Raimundo Nonato,BR,2022-08-16 15:38:35,-9.0153,-42.6994,91.08,28,24,12.01
390,Khuzhir,RU,2022-08-16 15:40:04,53.1939,107.3397,55.76,72,39,8.01
391,Roma,US,2022-08-16 15:40:04,43.2128,-75.4557,79.72,57,0,3.44
392,Torbay,CA,2022-08-16 15:39:14,47.6666,-52.7314,65.75,85,100,9.22
393,Porto Novo,BJ,2022-08-16 15:40:05,6.4965,2.6036,80.42,72,82,11.95
394,Edmonton,CA,2022-08-16 15:35:59,53.5501,-113.4687,74.8,62,75,4.61
395,Laguna,US,2022-08-16 15:40:06,38.421,-121.4238,91.09,48,0,0.0
396,Avera,US,2022-08-16 15:40:06,33.194,-82.5271,76.51,75,81,7.78
397,Khorixas,NA,2022-08-16 15:40:07,-20.3667,14.9667,85.66,8,0,6.2
398,Labuhan,ID,2022-08-16 15:40:07,-6.8844,112.2051,78.1,83,54,6.71
399,Zapolyarnyy,RU,2022-08-16 15:40:08,69.4154,30.8136,78.08,60,87,16.2
400,Batagay-Alyta,RU,2022-08-16 15:40:08,67.8006,130.4114,54.63,85,84,1.1
401,Hailey,US,2022-08-16 15:40:09,43.5196,-114.3153,72.88,36,0,11.5
402,Port Hedland,AU,2022-08-16 15:40:09,-20.3167,118.5667,66.25,88,18,4.61
403,Sorrento,IT,2022-08-16 15:40:10,40.626,14.3744,88.11,84,0,4.61
404,Jiuquan,CN,2022-08-16 15:40:11,39.7432,98.5174,80.04,19,3,2.48
405,Loandjili,CG,2022-08-16 15:40:11,-4.7561,11.8578,74.37,74,33,8.97
406,Jiehu,CN,2022-08-16 15:40:12,35.5428,118.455,70.9,95,37,3.09
407,San Luis,AR,2022-08-16 15:40:12,-33.295,-66.3356,65.93,18,5,7.29
408,Zavetnoye,RU,2022-08-16 15:40:13,47.1194,43.8903,97.9,15,45,16.98
409,Berlevag,NO,2022-08-16 15:40:13,70.8578,29.0864,78.6,50,100,19.57
410,Cabedelo,BR,2022-08-16 15:37:23,-6.9811,-34.8339,84.87,64,25,16.58
411,Haines Junction,CA,2022-08-16 15:40:14,60.7522,-137.5108,44.55,87,88,0.0
412,Bambous Virieux,MU,2022-08-16 15:40:14,-20.3428,57.7575,70.05,83,40,9.22
413,Jacareacanga,BR,2022-08-16 15:41:15,-6.2222,-57.7528,97.65,30,0,4.94
414,Imbituba,BR,2022-08-16 15:41:15,-28.24,-48.6703,66.85,86,100,8.99
415,West Bay,KY,2022-08-16 15:41:16,19.3667,-81.4167,89.01,71,20,8.05
416,Forst,DE,2022-08-16 15:41:16,51.7333,14.6333,89.56,38,41,3.89
417,Kamiiso,JP,2022-08-16 15:41:17,41.8167,140.65,66.42,94,7,6.42
418,Hay River,CA,2022-08-16 15:41:17,60.8156,-115.7999,66.18,72,75,9.22
419,Shirokiy,RU,2022-08-16 15:41:17,49.758,129.523,61.52,83,2,5.57
420,Kondinskoye,RU,2022-08-16 15:41:18,59.6481,67.41,50.7,65,66,8.52
421,Marsh Harbour,BS,2022-08-16 15:41:18,26.5412,-77.0636,85.42,64,15,7.09
422,Churachandpur,IN,2022-08-16 15:41:19,24.3333,93.6667,68.2,96,64,2.44
423,Cairns,AU,2022-08-16 15:41:20,-16.9167,145.7667,63.07,88,0,3.44
424,Padang,ID,2022-08-16 15:41:20,-0.9492,100.3543,78.26,86,35,4.29
425,Los Llanos De Aridane,ES,2022-08-16 15:41:21,28.6585,-17.9182,76.75,80,20,11.5
426,Dawlatabad,AF,2022-08-16 15:41:21,36.4141,64.9053,89.98,14,0,5.93
427,Lompoc,US,2022-08-16 15:41:22,34.6391,-120.4579,57.61,100,100,3.44
428,Kaabong,UG,2022-08-16 15:41:22,3.4836,34.1492,67.66,75,100,4.18
429,Garagoa,CO,2022-08-16 15:41:23,5.0824,-73.3633,73.65,48,7,5.86
430,Acajutla,SV,2022-08-16 15:41:23,13.5928,-89.8275,78.62,79,100,5.35
431,Bolobo,CD,2022-08-16 15:41:24,-2.1667,16.2333,90.52,30,12,1.66
432,Makokou,GA,2022-08-16 15:41:24,0.5738,12.8642,82.74,74,100,2.53
433,Enid,US,2022-08-16 15:37:39,36.3956,-97.8784,91.56,40,0,14.97
434,Lakatoro,VU,2022-08-16 15:41:25,-16.0999,167.4164,78.75,86,60,15.01
435,Harper,LR,2022-08-16 15:41:25,4.375,-7.7169,75.56,76,99,9.89
436,Nara,JP,2022-08-16 15:41:26,34.6851,135.8049,79.97,83,100,4.63
437,Oistins,BB,2022-08-16 15:41:26,13.0667,-59.5333,87.89,66,40,18.41
438,Guipavas,FR,2022-08-16 15:41:27,48.4352,-4.3972,68.32,82,40,9.22
439,Bocana De Paiwas,NI,2022-08-16 15:41:27,12.7857,-85.1227,75.04,91,100,6.38
440,Ilulissat,GL,2022-08-16 15:41:28,69.2167,-51.1,44.62,81,75,4.61
441,Owensboro,US,2022-08-16 15:41:28,37.7742,-87.1133,75.25,56,99,7.11
442,Madimba,TZ,2022-08-16 15:41:29,-10.4,40.3333,72.81,81,41,7.34
443,Amga,RU,2022-08-16 15:41:29,60.8953,131.9608,50.95,95,37,2.89
444,Kabalo,CD,2022-08-16 15:41:31,-6.05,26.9167,92.44,20,36,2.39
445,Campana,AR,2022-08-16 15:41:31,-34.1687,-58.9591,64.92,22,72,9.1
446,Queenstown,ZA,2022-08-16 15:41:32,-31.8976,26.8753,60.87,18,60,15.73
447,Atambua,ID,2022-08-16 15:41:32,-9.1061,124.8925,69.28,81,71,4.72
448,Belyy Yar,RU,2022-08-16 15:41:33,53.6039,91.3903,58.89,44,0,6.71
449,Macau,MO,2022-08-16 15:41:33,22.2006,113.5461,84.0,89,20,11.5
450,Asau,RO,2022-08-16 15:41:34,46.4333,26.4,70.72,77,95,2.19
451,Nauta,PE,2022-08-16 15:41:34,-4.5061,-73.5757,90.63,50,5,3.8
452,Sao Miguel Dos Campos,BR,2022-08-16 15:41:35,-9.7811,-36.0936,83.7,72,34,13.56
453,Santa Isabel,BR,2022-08-16 15:41:35,-23.3156,-46.2214,81.36,26,6,12.97
454,Saryozek,KZ,2022-08-16 15:41:36,44.3583,77.9753,63.72,24,1,12.91
455,Hami,CN,2022-08-16 15:41:36,42.8,93.45,88.84,20,100,14.03
456,Bardsir,IR,2022-08-16 15:41:37,29.9227,56.5743,76.86,11,0,13.98
457,Kaffrine,SN,2022-08-16 15:41:37,14.1059,-15.5508,95.11,46,15,7.87
458,Bilma,NE,2022-08-16 15:41:38,18.6853,12.9164,100.17,21,7,4.14
459,Papagaios,BR,2022-08-16 15:41:38,-19.4492,-44.7478,86.05,23,0,3.85
460,Acapulco,MX,2022-08-16 15:41:07,16.8634,-99.8901,82.22,69,75,3.44
461,Juegang,CN,2022-08-16 15:42:39,32.3174,121.1855,83.91,94,95,3.49
462,Necochea,AR,2022-08-16 15:42:40,-38.5473,-58.7368,55.51,51,82,22.28
463,Salalah,OM,2022-08-16 15:42:40,17.0151,54.0924,77.09,94,100,8.05
464,Punta Cardon,VE,2022-08-16 15:42:40,11.6581,-70.215,86.99,61,0,16.17
465,Matamoros,MX,2022-08-16 15:42:41,25.5333,-103.25,84.69,39,8,13.56
466,Omboue,GA,2022-08-16 15:42:41,-1.5746,9.2618,75.4,68,28,11.18
467,Tecoanapa,MX,2022-08-16 15:42:42,16.5167,-98.75,84.07,65,100,3.2
468,Turukhansk,RU,2022-08-16 15:42:42,65.8167,87.9833,50.18,86,71,5.53
469,Havoysund,NO,2022-08-16 15:42:43,70.9963,24.6622,71.83,75,100,7.7
470,Riachao Do Jacuipe,BR,2022-08-16 15:42:43,-11.8069,-39.3856,78.87,58,96,10.25
471,Virginia Beach,US,2022-08-16 15:38:41,36.8529,-75.978,81.01,77,75,12.66
472,Srivardhan,IN,2022-08-16 15:42:44,18.0333,73.0167,79.02,87,100,16.15
473,Lagoa,PT,2022-08-16 15:42:44,39.05,-27.9833,71.06,66,38,14.09
474,Tessalit,ML,2022-08-16 15:42:45,20.1986,1.0114,102.47,19,25,11.63
475,Grandview,US,2022-08-16 15:42:45,38.8858,-94.533,67.35,97,100,8.05
476,Langsa,ID,2022-08-16 15:42:46,4.4683,97.9683,77.2,89,100,1.95
477,Solwezi,ZM,2022-08-16 15:42:46,-12.1688,26.3894,75.34,25,21,5.5
478,Taoudenni,ML,2022-08-16 15:42:47,22.6783,-3.9836,111.13,15,9,15.7
479,Resistencia,AR,2022-08-16 15:38:59,-27.4606,-58.9839,70.09,60,0,5.75
480,Venado Tuerto,AR,2022-08-16 15:42:47,-33.7456,-61.9688,65.97,18,80,14.2
481,Abbeville,FR,2022-08-16 15:42:48,50.1,1.8333,83.25,43,100,4.16
482,Nantucket,US,2022-08-16 15:39:23,41.2835,-70.0995,78.91,55,20,19.57
483,Warmbad,NA,2022-08-16 15:42:48,-28.45,18.7333,72.18,13,15,11.54
484,Jalu,LY,2022-08-16 15:42:49,29.0331,21.5482,97.56,16,0,16.78
485,Svecha,RU,2022-08-16 15:42:49,58.2785,47.5164,68.47,67,100,2.8
486,Homer,US,2022-08-16 15:40:44,59.6425,-151.5483,52.03,93,100,0.0
487,Moyale,KE,2022-08-16 15:42:50,3.5167,39.0584,75.02,51,87,12.39
488,Inirida,CO,2022-08-16 15:42:50,3.8653,-67.9239,82.29,72,67,4.25
489,Springbok,ZA,2022-08-16 15:42:51,-29.6643,17.8865,58.1,30,57,8.32
490,Havre,FR,2022-08-16 15:42:51,49.5833,0.3333,82.2,64,87,6.91
491,Lavrentiya,RU,2022-08-16 15:42:51,65.5833,-171.0,37.04,82,71,7.96
492,Charters Towers,AU,2022-08-16 15:42:52,-20.1,146.2667,52.23,53,0,8.81
493,Moron,AR,2022-08-16 15:42:52,-34.6534,-58.6198,64.92,25,88,11.1
494,Vostok,RU,2022-08-16 15:42:53,46.4856,135.8833,55.53,96,1,3.51
495,North Branch,US,2022-08-16 15:42:53,45.5113,-92.9802,76.06,82,92,4.0
496,Caetite,BR,2022-08-16 15:41:00,-14.0694,-42.475,80.71,34,6,8.84
497,Mastic Beach,US,2022-08-16 15:42:54,40.7668,-72.8521,79.99,62,20,11.99
498,Tabory,RU,2022-08-16 15:42:54,58.5198,64.5495,55.29,57,60,3.85
499,Cap Malheureux,MU,2022-08-16 15:42:55,-19.9842,57.6142,69.48,78,84,3.0
500,Likasi,CD,2022-08-16 15:42:55,-10.9814,26.7333,77.68,21,4,6.51
501,Lexington Park,US,2022-08-16 15:42:55,38.2668,-76.4538,78.48,58,40,10.36
502,Roncesvalles,CO,2022-08-16 15:42:56,4.0108,-75.6049,62.47,70,61,5.14
503,Lodja,CD,2022-08-16 15:42:56,-3.4833,23.4333,85.1,44,97,3.85
504,Kharp,RU,2022-08-16 15:42:57,66.8014,65.8081,47.57,75,91,6.78
505,Vernon,CA,2022-08-16 15:42:14,50.2581,-119.2691,78.13,48,92,5.75
506,Srednekolymsk,RU,2022-08-16 15:42:57,67.45,153.6833,51.21,76,100,7.05
507,Polewali,ID,2022-08-16 15:42:58,-3.4324,119.3435,74.8,91,100,3.11
508,Tabou,CI,2022-08-16 15:43:58,4.423,-7.3528,75.74,76,94,9.44
509,Llanes,ES,2022-08-16 15:43:58,43.4198,-4.7549,70.83,71,53,12.53
510,Paramonga,PE,2022-08-16 15:43:59,-10.6667,-77.8333,64.4,73,75,9.48
511,Megion,RU,2022-08-16 15:43:59,61.0296,76.1136,51.82,92,100,5.61
512,Adrar,MR,2022-08-16 15:44:00,20.5022,-10.0711,109.29,9,3,7.76
513,Constantine,DZ,2022-08-16 15:41:47,36.365,6.6147,103.41,11,40,18.41
514,Ilmajoki,FI,2022-08-16 15:44:01,62.7333,22.5667,86.18,54,0,12.66
515,Acari,PE,2022-08-16 15:44:01,-15.4311,-74.6158,67.68,63,84,7.74
516,Grand Gaube,MU,2022-08-16 15:44:02,-20.0064,57.6608,70.2,78,82,3.0
517,Paracuru,BR,2022-08-16 15:44:03,-3.41,-39.0306,86.11,43,3,17.05
518,Mareeba,AU,2022-08-16 15:44:03,-17.0,145.4333,58.44,57,0,3.38
519,Villazon,BO,2022-08-16 15:44:04,-22.0866,-65.5942,51.53,4,0,3.47
520,Anadyr,RU,2022-08-16 15:44:05,64.75,177.4833,43.3,75,40,4.47
521,Praia Da Vitoria,PT,2022-08-16 15:44:05,38.7333,-27.0667,77.25,65,75,13.11
522,Miyako,JP,2022-08-16 15:44:06,39.6367,141.9525,73.02,82,99,4.68
523,Payo,ID,2022-08-16 15:44:06,-3.7508,103.6372,72.48,96,55,2.06
524,Santa Rosa,PH,2022-08-16 15:44:07,14.3122,121.1114,82.38,87,81,6.17
525,Carutapera,BR,2022-08-16 15:44:07,-1.195,-46.02,90.54,46,21,6.44
526,Fairbanks,US,2022-08-16 15:40:15,64.8378,-147.7164,54.91,93,20,4.61
527,Potiskum,NG,2022-08-16 15:44:08,11.7091,11.0694,77.31,73,99,5.08
528,Saint-Francois,FR,2022-08-16 15:44:09,46.4154,3.9054,85.44,30,99,5.75
529,Zharkent,KZ,2022-08-16 15:44:09,44.1628,80.0,75.42,17,65,11.99
530,Mushie,CD,2022-08-16 15:44:09,-3.0167,16.9,95.9,22,73,3.78
531,Mount Hagen,PG,2022-08-16 15:44:10,-5.8581,144.2274,56.93,99,96,1.83
532,Luba,GQ,2022-08-16 15:44:10,3.4568,8.5547,82.29,75,52,5.41
533,Sept-Iles,CA,2022-08-16 15:41:30,50.2001,-66.3821,79.32,37,20,10.36
534,Micheweni,TZ,2022-08-16 15:44:11,-4.9667,39.8333,74.88,82,62,12.57
535,Hanzhong,CN,2022-08-16 15:44:12,33.0728,107.0303,80.19,74,64,1.59
536,Deputatskiy,RU,2022-08-16 15:44:12,69.3,139.9,37.62,87,0,4.27
537,Daru,PG,2022-08-16 15:44:13,-9.0763,143.2092,74.64,84,82,8.97
538,Esperance,AU,2022-08-16 15:44:13,-33.8667,121.9,56.46,82,73,18.43
539,Japura,ID,2022-08-16 15:44:14,-0.3167,102.35,75.81,95,67,2.66
540,Andapa,MG,2022-08-16 15:44:15,-14.65,49.65,61.54,98,40,0.76
541,Flin Flon,CA,2022-08-16 15:44:15,54.7682,-101.865,76.84,61,40,4.61
542,Ambunti,PG,2022-08-16 15:44:16,-4.2365,142.8448,72.59,95,81,2.57
543,Sarangani,PH,2022-08-16 15:44:16,5.4033,125.4636,82.0,75,100,15.82
544,Waingapu,ID,2022-08-16 15:44:17,-9.6567,120.2641,73.96,81,46,8.21
545,El Sauzal,MX,2022-08-16 15:44:17,31.9,-116.6833,77.5,67,1,4.79
546,Lorca,ES,2022-08-16 15:44:17,37.6712,-1.7017,90.95,23,30,13.67
547,Lorengau,PG,2022-08-16 15:44:18,-2.0226,147.2712,79.84,77,82,6.4
548,Montepuez,MZ,2022-08-16 15:44:18,-13.1256,38.9997,78.24,32,33,3.76
549,Pingliang,CN,2022-08-16 15:44:20,35.5392,106.6861,74.07,67,74,7.47
550,San Vicente,AR,2022-08-16 15:44:22,-26.6167,-54.1333,63.19,85,100,5.55
551,San Quintin,MX,2022-08-16 15:44:23,30.4833,-115.95,73.31,80,9,5.95
552,Merke,KZ,2022-08-16 15:45:23,42.8728,73.1786,74.39,32,38,3.22
553,Nizhnevartovsk,RU,2022-08-16 15:45:24,60.9344,76.5531,51.82,100,40,1.99
554,Balikpapan,ID,2022-08-16 15:45:24,-1.2675,116.8289,76.19,100,40,2.3
555,Kavaratti,IN,2022-08-16 15:45:25,10.5669,72.642,81.54,79,40,8.84
556,Camana,PE,2022-08-16 15:45:25,-16.6228,-72.7111,61.77,78,89,11.1
557,Kudahuvadhoo,MV,2022-08-16 15:45:26,2.6708,72.8944,82.71,71,79,10.42
558,Karatau,KZ,2022-08-16 15:45:26,43.1667,70.4667,80.49,22,0,17.83
559,Dali,CN,2022-08-16 15:45:27,25.7,100.1833,67.41,85,91,3.58
560,Palmdale,US,2022-08-16 15:42:17,34.5794,-118.1165,90.73,18,0,4.61
561,Kholmy,UA,2022-08-16 15:45:27,51.871,32.6006,76.08,46,99,13.06
562,Meulaboh,ID,2022-08-16 15:45:28,4.1363,96.1285,78.35,83,100,2.26
563,Havelock,US,2022-08-16 15:45:28,34.8791,-76.9013,80.58,78,40,9.22
564,Porto Walter,BR,2022-08-16 15:45:29,-8.2686,-72.7439,91.56,42,8,5.12
565,Guadalupe,MX,2022-08-16 15:45:16,25.6833,-100.25,81.39,84,100,5.23
566,Kolondieba,ML,2022-08-16 15:45:30,11.0882,-6.8926,75.74,84,100,4.38
567,Celestun,MX,2022-08-16 15:45:30,20.8667,-90.4,86.54,63,6,3.71
568,Batsfjord,NO,2022-08-16 15:45:31,70.6345,29.7185,78.58,50,81,14.97
569,The Valley,AI,2022-08-16 15:45:31,18.217,-63.0578,89.46,79,20,10.36
570,Abu Dhabi,AE,2022-08-16 15:41:39,24.4667,54.3667,96.91,64,0,8.05
571,Ixtapa,MX,2022-08-16 15:45:32,20.7,-105.2,83.23,75,100,1.74
572,Troitskoye,RU,2022-08-16 15:45:32,52.9821,84.6757,50.86,65,47,2.01
